Sensitive_Strain	Supernatant	Concentration	Tech_repl	Biol_repl	Plate_number	control	AUC	normAUC	fConcentration
B. thetaiotamicron	B. vulgatus	0	tech1	biol1	plate7	TRUE	15.010143702451396	0.9912797912746211	0
B. thetaiotamicron	B. vulgatus	0	tech1	biol2	plate7	TRUE	13.582417582417584	1.0188884587184979	0
B. thetaiotamicron	B. vulgatus	0	tech1	biol3	plate4	TRUE	15.533389687235843	1.0117755148568641	0
B. thetaiotamicron	B. vulgatus	0	tech2	biol1	plate7	TRUE	15.339814032121726	1.0130514373070085	0
B. thetaiotamicron	B. vulgatus	0	tech2	biol2	plate7	TRUE	13.272189349112427	0.9956166100534686	0
B. thetaiotamicron	B. vulgatus	0	tech2	biol3	plate4	TRUE	15.77852916314455	1.027742803674261	0
B. thetaiotamicron	B. vulgatus	5	tech1	biol1	plate7	FALSE	0.08114961961115816	0.005359174407972277	5
B. thetaiotamicron	B. vulgatus	5	tech1	biol2	plate7	FALSE	1.285714285714286	0.09644817934471218	5
B. thetaiotamicron	B. vulgatus	5	tech1	biol3	plate4	FALSE	-0.09467455621301768	-0.006166677060512008	5
B. thetaiotamicron	B. vulgatus	5	tech2	biol1	plate7	FALSE	-0.09467455621301786	-0.006252370142634324	5
B. thetaiotamicron	B. vulgatus	5	tech2	biol2	plate7	FALSE	1.2240067624683013	0.09181917402442027	5
B. thetaiotamicron	B. vulgatus	5	tech2	biol3	plate4	FALSE	-0.15046491969568865	-0.009800611756885146	5
B. thetaiotamicron	B. vulgatus	10	tech1	biol1	plate7	FALSE	0.7692307692307695	0.050800507408903836	10
B. thetaiotamicron	B. vulgatus	10	tech1	biol2	plate7	FALSE	-0.24260355029585776	-0.0181989661222435	10
B. thetaiotamicron	B. vulgatus	10	tech1	biol3	plate4	FALSE	-0.1344040574809804	-0.00875447904126258	10
B. thetaiotamicron	B. vulgatus	10	tech2	biol1	plate7	FALSE	0.06086221470836862	0.004019380805979207	10
B. thetaiotamicron	B. vulgatus	10	tech2	biol2	plate7	FALSE	0.0016906170752324597	1.2682206356964124e-4	10
B. thetaiotamicron	B. vulgatus	10	tech2	biol3	plate4	FALSE	-0.10397295012679632	-0.0067723328432408745	10
B. thetaiotamicron	B. vulgatus pempty	0	tech1	biol1	plate7	TRUE	15.038056680161946	0.9931231827349073	0
B. thetaiotamicron	B. vulgatus pempty	0	tech1	biol2	plate7	TRUE	13.379757085020245	1.0036858307192233	0
B. thetaiotamicron	B. vulgatus pempty	0	tech1	biol3	plate4	TRUE	15.185425101214577	0.9891106583598356	0
B. thetaiotamicron	B. vulgatus pempty	0	tech2	biol1	plate7	TRUE	14.977327935222673	0.9891126163605201	0
B. thetaiotamicron	B. vulgatus pempty	0	tech2	biol2	plate7	TRUE	13.237246963562754	0.9929953982448476	0
B. thetaiotamicron	B. vulgatus pempty	0	tech2	biol3	plate4	TRUE	15.540890688259111	1.012264096507429	0
B. thetaiotamicron	B. vulgatus pempty	5	tech1	biol1	plate8	FALSE	-0.07044534412955474	-0.004652256994289092	5
B. thetaiotamicron	B. vulgatus pempty	5	tech1	biol2	plate8	FALSE	-0.10202429149797546	-0.007653377794155277	5
B. thetaiotamicron	B. vulgatus pempty	5	tech1	biol3	plate5	FALSE	0.1983805668016195	0.012921622656401822	5
B. thetaiotamicron	B. vulgatus pempty	5	tech2	biol1	plate8	FALSE	-0.03886639676113365	-0.0025667624796077747	5
B. thetaiotamicron	B. vulgatus pempty	5	tech2	biol2	plate8	FALSE	0.009716599190283682	7.288931232529066e-4	5
B. thetaiotamicron	B. vulgatus pempty	5	tech2	biol3	plate5	FALSE	-0.026720647773279257	-0.0017404634598418712	5
B. thetaiotamicron	B. vulgatus pempty	10	tech1	biol1	plate8	FALSE	-0.11012145748987866	-0.0072724936922220285	10
B. thetaiotamicron	B. vulgatus pempty	10	tech1	biol2	plate8	FALSE	-0.21619433198380544	-0.016217871992376683	10
B. thetaiotamicron	B. vulgatus pempty	10	tech1	biol3	plate5	FALSE	-0.16194331983805657	-0.010548263392981068	10
B. thetaiotamicron	B. vulgatus pempty	10	tech2	biol1	plate8	FALSE	-0.1295546558704454	-0.008555874932025911	10
B. thetaiotamicron	B. vulgatus pempty	10	tech2	biol2	plate8	FALSE	-0.21214574898785396	-0.015914166524354643	10
B. thetaiotamicron	B. vulgatus pempty	10	tech2	biol3	plate5	FALSE	-0.1400809716599191	-0.009124247834928633	10
B. thetaiotamicron	B. vulgatus pSG62#2	0	tech1	biol1	plate8	TRUE	15.867510548523208	1.0479008633354465	0
B. thetaiotamicron	B. vulgatus pSG62#2	0	tech1	biol2	plate8	TRUE	13.401687763713083	1.0053309660772263	0
B. thetaiotamicron	B. vulgatus pSG62#2	0	tech1	biol3	plate5	TRUE	16.152742616033755	1.0521173939334925	0
B. thetaiotamicron	B. vulgatus pSG62#2	0	tech2	biol1	plate8	TRUE	15.725738396624473	1.0385381369066662	0
B. thetaiotamicron	B. vulgatus pSG62#2	0	tech2	biol2	plate8	TRUE	13.442194092827007	1.0083695585066519	0
B. thetaiotamicron	B. vulgatus pSG62#2	0	tech2	biol3	plate5	TRUE	15.722362869198314	1.0240843825492345	0
B. thetaiotamicron	B. vulgatus pSG62#2	5	tech1	biol1	plate8	FALSE	10.99662447257384	0.7262243338894966	5
B. thetaiotamicron	B. vulgatus pSG62#2	5	tech1	biol2	plate8	FALSE	12.97721518987342	0.9734890495772045	5
B. thetaiotamicron	B. vulgatus pSG62#2	5	tech1	biol3	plate5	FALSE	13.969620253164559	0.9099185695196194	5
B. thetaiotamicron	B. vulgatus pSG62#2	5	tech2	biol1	plate8	FALSE	10.698734177215192	0.7065514622861667	5
B. thetaiotamicron	B. vulgatus pSG62#2	5	tech2	biol2	plate8	FALSE	12.9831223628692	0.9739321776398291	5
B. thetaiotamicron	B. vulgatus pSG62#2	5	tech2	biol3	plate5	FALSE	13.907172995780593	0.9058510345344526	5
B. thetaiotamicron	B. vulgatus pSG62#2	10	tech1	biol1	plate8	FALSE	0.7704641350210971	0.050881959699264095	10
B. thetaiotamicron	B. vulgatus pSG62#2	10	tech1	biol2	plate8	FALSE	-0.23037974683544277	-0.017281994442357687	10
B. thetaiotamicron	B. vulgatus pSG62#2	10	tech1	biol3	plate5	FALSE	-0.192405063291139	-0.012532405089432942	10
B. thetaiotamicron	B. vulgatus pSG62#2	10	tech2	biol1	plate8	FALSE	0.4987341772151899	0.03293673404410195	10
B. thetaiotamicron	B. vulgatus pSG62#2	10	tech2	biol2	plate8	FALSE	-0.13755274261603354	-0.010318553458257515	10
B. thetaiotamicron	B. vulgatus pSG62#2	10	tech2	biol3	plate5	FALSE	-0.19071729957805886	-0.012422471711455463	10
B. thetaiotamicron	B. vulgatus pSG67#2	0	tech1	biol1	plate8	TRUE	15.153175591531756	1.0007257115778383	0
B. thetaiotamicron	B. vulgatus pSG67#2	0	tech1	biol2	plate8	TRUE	13.583229555832297	1.018949369107684	0
B. thetaiotamicron	B. vulgatus pSG67#2	0	tech1	biol3	plate5	TRUE	15.313408053134081	0.9974468953099497	0
B. thetaiotamicron	B. vulgatus pSG67#2	0	tech2	biol1	plate8	TRUE	15.290992112909922	1.0098272055577815	0
B. thetaiotamicron	B. vulgatus pSG67#2	0	tech2	biol2	plate8	TRUE	13.382316313823164	1.0038778119092209	0
B. thetaiotamicron	B. vulgatus pSG67#2	0	tech2	biol3	plate5	TRUE	15.364881693648817	1.0007996579832605	0
B. thetaiotamicron	B. vulgatus pSG67#2	5	tech1	biol1	plate8	FALSE	15.808219178082194	1.043985222121062	5
B. thetaiotamicron	B. vulgatus pSG67#2	5	tech1	biol2	plate8	FALSE	13.879618098796183	1.0411830299335165	5
B. thetaiotamicron	B. vulgatus pSG67#2	5	tech1	biol3	plate5	FALSE	16.292237442922378	1.0612034629201657	5
B. thetaiotamicron	B. vulgatus pSG67#2	5	tech2	biol1	plate8	FALSE	15.888750518887505	1.0493035649888598	5
B. thetaiotamicron	B. vulgatus pSG67#2	5	tech2	biol2	plate8	FALSE	13.827314238273143	1.0372594427289579	5
B. thetaiotamicron	B. vulgatus pSG67#2	5	tech2	biol3	plate5	FALSE	16.012453300124534	1.0429795754862023	5
B. thetaiotamicron	B. vulgatus pSG67#2	10	tech1	biol1	plate8	FALSE	14.623495226234953	0.9657452708597438	10
B. thetaiotamicron	B. vulgatus pSG67#2	10	tech1	biol2	plate8	FALSE	9.04524699045247	0.6785314697407383	10
B. thetaiotamicron	B. vulgatus pSG67#2	10	tech1	biol3	plate5	FALSE	15.820672478206726	1.030487830687254	10
B. thetaiotamicron	B. vulgatus pSG67#2	10	tech2	biol1	plate8	FALSE	14.643420506434207	0.9670611495074466	10
B. thetaiotamicron	B. vulgatus pSG67#2	10	tech2	biol2	plate8	FALSE	8.978829389788295	0.6735491367825686	10
B. thetaiotamicron	B. vulgatus pSG67#2	10	tech2	biol3	plate5	FALSE	15.547530095475302	1.0126965577917826	10
B. thetaiotamicron	B. vulgatus pSG70#2	0	tech1	biol1	plate8	TRUE	15.138225255972696	0.9997383815558046	0
B. thetaiotamicron	B. vulgatus pSG70#2	0	tech1	biol2	plate8	TRUE	13.919795221843003	1.0441969268873188	0
B. thetaiotamicron	B. vulgatus pSG70#2	0	tech1	biol3	plate5	TRUE	15.149317406143345	0.9867587646324149	0
B. thetaiotamicron	B. vulgatus pSG70#2	0	tech2	biol1	plate8	TRUE	15.035836177474403	0.9929765392727082	0
B. thetaiotamicron	B. vulgatus pSG70#2	0	tech2	biol2	plate8	TRUE	13.746587030716723	1.0312036710237584	0
B. thetaiotamicron	B. vulgatus pSG70#2	0	tech2	biol3	plate5	TRUE	15.390784982935154	1.0024868823677555	0
B. thetaiotamicron	B. vulgatus pSG70#2	5	tech1	biol1	plate8	FALSE	3.9812286689419802	0.2629229674410656	5
B. thetaiotamicron	B. vulgatus pSG70#2	5	tech1	biol2	plate8	FALSE	0.5409556313993173	0.040579922253681504	5
B. thetaiotamicron	B. vulgatus pSG70#2	5	tech1	biol3	plate5	FALSE	-0.06825938566552883	-0.004446111020590988	5
B. thetaiotamicron	B. vulgatus pSG70#2	5	tech2	biol1	plate8	FALSE	0.22354948805460778	0.014763355651427185	5
B. thetaiotamicron	B. vulgatus pSG70#2	5	tech2	biol2	plate8	FALSE	0.885665529010239	0.06643842160776248	5
B. thetaiotamicron	B. vulgatus pSG70#2	5	tech2	biol3	plate5	FALSE	-0.1800341296928325	-0.011726617816808744	5
B. thetaiotamicron	B. vulgatus pSG70#2	10	tech1	biol1	plate8	FALSE	-0.1885665529010236	-0.012453059538035873	10
B. thetaiotamicron	B. vulgatus pSG70#2	10	tech1	biol2	plate8	FALSE	-0.26706484641638195	-0.020033936380760724	10
B. thetaiotamicron	B. vulgatus pSG70#2	10	tech1	biol3	plate5	FALSE	-0.1766211604095562	-0.011504312265779203	10
B. thetaiotamicron	B. vulgatus pSG70#2	10	tech2	biol1	plate8	FALSE	-0.21843003412969259	-0.014425263537272331	10
B. thetaiotamicron	B. vulgatus pSG70#2	10	tech2	biol2	plate8	FALSE	-0.1015358361774745	-0.00761673619588029	10
B. thetaiotamicron	B. vulgatus pSG70#2	10	tech2	biol3	plate5	FALSE	-0.08532423208191134	-0.005557638775738754	10
B. thetaiotamicron	MGAM	0	tech1	biol1	plate6	TRUE	14.53955523149836	0.9602018182378683	0
B. thetaiotamicron	MGAM	0	tech1	biol2	plate6	TRUE	12.584761210353628	0.9440490159539939	0
B. thetaiotamicron	MGAM	0	tech1	biol3	plate3	TRUE	14.191031717098069	0.9243403217853609	0
B. thetaiotamicron	MGAM	0	tech2	biol1	plate6	TRUE	14.589865111192127	0.9635243158788299	0
B. thetaiotamicron	MGAM	0	tech2	biol2	plate6	TRUE	12.435289828654758	0.9328363827981092	0
B. thetaiotamicron	MGAM	0	tech2	biol3	plate3	TRUE	14.908494349252644	0.9710726280401415	0
B. thetaiotamicron	MGAM	5	tech1	biol1	plate6	FALSE	-0.14874225300765567	-0.009823036503712195	5
B. thetaiotamicron	MGAM	5	tech1	biol2	plate6	FALSE	-0.04374772147284	-0.0032817462895272124	5
B. thetaiotamicron	MGAM	5	tech2	biol1	plate6	FALSE	-0.089682829019322	-0.0059227131860617776	5
B. thetaiotamicron	MGAM	5	tech2	biol2	plate6	FALSE	-0.13488880787458973	-0.010118717726042219	5
B. thetaiotamicron	MGAM	5	tech2	biol3	plate3	FALSE	-0.17353262850893156	-0.011303139114469276	5
B. thetaiotamicron	MGAM	10	tech1	biol1	plate6	FALSE	-0.08749544294568	-0.0057782567668895396	10
B. thetaiotamicron	MGAM	10	tech1	biol2	plate6	FALSE	-0.12395187750637979	-0.00929828115366042	10
B. thetaiotamicron	MGAM	10	tech1	biol3	plate3	FALSE	-0.049580751002552	-0.0032294683184198015	10
B. thetaiotamicron	MGAM	10	tech2	biol1	plate6	FALSE	-0.09843237331389	-0.006500538862750732	10
B. thetaiotamicron	MGAM	10	tech2	biol2	plate6	FALSE	-0.19540648924535153	-0.01465846675988818	10
B. thetaiotamicron	MGAM	10	tech2	biol3	plate3	FALSE	-0.09259934378417782	-0.0060315070064605	10
B. vulgatus	B. vulgatus	0	tech1	biol1	plate7	TRUE	17.531051964512038	1.0170021150727884	0
B. vulgatus	B. vulgatus	0	tech1	biol2	plate7	TRUE	16.196873679763414	1.0121867667620421	0
B. vulgatus	B. vulgatus	0	tech1	biol3	plate4	TRUE	16.6354034643008	1.018510301870942	0
B. vulgatus	B. vulgatus	0	tech2	biol1	plate7	TRUE	17.632446134347276	1.0228841400298319	0
B. vulgatus	B. vulgatus	0	tech2	biol2	plate7	TRUE	16.024503591043516	1.0014148902729476	0
B. vulgatus	B. vulgatus	0	tech2	biol3	plate4	TRUE	16.441909590198563	1.0066635495787617	0
B. vulgatus	B. vulgatus	5	tech1	biol1	plate7	FALSE	0.7055344317701733	0.04092909032609304	5
B. vulgatus	B. vulgatus	5	tech1	biol2	plate7	FALSE	3.994930291508238	0.24965407862960692	5
B. vulgatus	B. vulgatus	5	tech1	biol3	plate4	FALSE	0.3388255175327418	0.020744749647005675	5
B. vulgatus	B. vulgatus	5	tech2	biol1	plate7	FALSE	2.89142374313477	0.16773574502501842	5
B. vulgatus	B. vulgatus	5	tech2	biol2	plate7	FALSE	6.86354034643008	0.4289213368672371	5
B. vulgatus	B. vulgatus	5	tech2	biol3	plate4	FALSE	2.103084072665822	0.12876229893116495	5
B. vulgatus	B. vulgatus	10	tech1	biol1	plate7	FALSE	0.1833544571187158	0.010636661797319995	10
B. vulgatus	B. vulgatus	10	tech1	biol2	plate7	FALSE	2.070975918884664	0.12942092781750564	10
B. vulgatus	B. vulgatus	10	tech1	biol3	plate4	FALSE	1.3206590621039291	0.08085796433483759	10
B. vulgatus	B. vulgatus	10	tech2	biol1	plate7	FALSE	0.4419095901985639	0.02563582543778045	10
B. vulgatus	B. vulgatus	10	tech2	biol2	plate7	FALSE	1.757498943810731	0.1098308975358677	10
B. vulgatus	B. vulgatus	10	tech2	biol3	plate4	FALSE	0.11406844106463887	0.006983893272682715	10
B. vulgatus	B. vulgatus pempty	0	tech1	biol1	plate7	TRUE	17.092271293375394	0.9915478028328641	0
B. vulgatus	B. vulgatus pempty	0	tech1	biol2	plate7	TRUE	15.854889589905362	0.9908152492061593	0
B. vulgatus	B. vulgatus pempty	0	tech1	biol3	plate4	TRUE	16.48895899053628	1.0095441709621655	0
B. vulgatus	B. vulgatus pempty	0	tech2	biol1	plate7	TRUE	17.292586750788644	1.0031683972092564	0
B. vulgatus	B. vulgatus pempty	0	tech2	biol2	plate7	TRUE	15.798895899053628	0.9873160509026557	0
B. vulgatus	B. vulgatus pempty	0	tech2	biol3	plate4	TRUE	16.45820189274448	1.0076610533675834	0
B. vulgatus	B. vulgatus pempty	5	tech1	biol1	plate8	FALSE	0.3414826498422715	0.01980991088573942	5
B. vulgatus	B. vulgatus pempty	5	tech1	biol2	plate8	FALSE	5.415615141955835	0.3384365457768949	5
B. vulgatus	B. vulgatus pempty	5	tech1	biol3	plate5	FALSE	3.8966876971608833	0.23857651371360528	5
B. vulgatus	B. vulgatus pempty	5	tech2	biol1	plate8	FALSE	0.16167192429022093	0.00937882616992282	5
B. vulgatus	B. vulgatus pempty	5	tech2	biol2	plate8	FALSE	4.907728706624606	0.30669733862962245	5
B. vulgatus	B. vulgatus pempty	5	tech2	biol3	plate5	FALSE	4.644321766561514	0.28435075678191085	5
B. vulgatus	B. vulgatus pempty	10	tech1	biol1	plate8	FALSE	0.09700315457413257	0.005627295701953693	10
B. vulgatus	B. vulgatus pempty	10	tech1	biol2	plate8	FALSE	-0.049684542586750834	-0.00310492243832014	10
B. vulgatus	B. vulgatus pempty	10	tech2	biol1	plate8	FALSE	0.09858044164037862	0.005718796445074891	10
B. vulgatus	B. vulgatus pempty	10	tech2	biol2	plate8	FALSE	1.4400630914826498	0.08999346622813603	10
B. vulgatus	B. vulgatus pSG62#2	0	tech1	biol1	plate8	TRUE	17.228523769808174	0.9994520094370398	0
B. vulgatus	B. vulgatus pSG62#2	0	tech1	biol2	plate8	TRUE	15.93577981651376	0.9958702998629846	0
B. vulgatus	B. vulgatus pSG62#2	0	tech1	biol3	plate5	TRUE	16.452877397831525	1.0073350586940701	0
B. vulgatus	B. vulgatus pSG62#2	0	tech2	biol1	plate8	TRUE	17.72810675562969	1.02843355340048	0
B. vulgatus	B. vulgatus pSG62#2	0	tech2	biol2	plate8	TRUE	16.138448707256046	1.0085356310435312	0
B. vulgatus	B. vulgatus pSG62#2	0	tech2	biol3	plate5	TRUE	16.78065054211843	1.0274031216568504	0
B. vulgatus	B. vulgatus pSG62#2	5	tech1	biol1	plate8	FALSE	13.307756463719766	0.7720025300177861	5
B. vulgatus	B. vulgatus pSG62#2	5	tech1	biol2	plate8	FALSE	16.412010008340282	1.025631222102047	5
B. vulgatus	B. vulgatus pSG62#2	5	tech1	biol3	plate5	FALSE	15.445371142618848	0.9456500203759054	5
B. vulgatus	B. vulgatus pSG62#2	5	tech2	biol1	plate8	FALSE	13.404503753127607	0.7776149826050299	5
B. vulgatus	B. vulgatus pSG62#2	5	tech2	biol2	plate8	FALSE	16.49374478732277	1.030739051137823	5
B. vulgatus	B. vulgatus pSG62#2	5	tech2	biol3	plate5	FALSE	15.615512927439532	0.956067030158112	5
B. vulgatus	B. vulgatus pSG62#2	10	tech1	biol1	plate8	FALSE	4.83069224353628	0.28023556366652147	10
B. vulgatus	B. vulgatus pSG62#2	10	tech1	biol2	plate8	FALSE	3.7481234361968307	0.2342304457834434	10
B. vulgatus	B. vulgatus pSG62#2	10	tech1	biol3	plate5	FALSE	0.9708090075062552	0.059438232286708456	10
B. vulgatus	B. vulgatus pSG62#2	10	tech2	biol1	plate8	FALSE	4.3961634695579646	0.25502791023588306	10
B. vulgatus	B. vulgatus pSG62#2	10	tech2	biol2	plate8	FALSE	2.5529608006672224	0.1595414763113307	10
B. vulgatus	B. vulgatus pSG62#2	10	tech2	biol3	plate5	FALSE	0.7180984153461217	0.04396590893372507	10
B. vulgatus	B. vulgatus pSG67#2	0	tech1	biol1	plate8	TRUE	17.10964550700742	0.9925557065255386	0
B. vulgatus	B. vulgatus pSG67#2	0	tech1	biol2	plate8	TRUE	16.03792250618302	1.0022534748416152	0
B. vulgatus	B. vulgatus pSG67#2	0	tech1	biol3	plate5	TRUE	16.152514427040398	0.9889451963316798	0
B. vulgatus	B. vulgatus pSG67#2	0	tech2	biol1	plate8	TRUE	17.605111294311627	1.0212984057460188	0
B. vulgatus	B. vulgatus pSG67#2	0	tech2	biol2	plate8	TRUE	16.4204451772465	1.026158358789724	0
B. vulgatus	B. vulgatus pSG67#2	0	tech2	biol3	plate5	TRUE	16.35696619950536	1.0014628510394967	0
B. vulgatus	B. vulgatus pSG67#2	5	tech1	biol1	plate8	FALSE	17.81863149216818	1.0336850265415336	5
B. vulgatus	B. vulgatus pSG67#2	5	tech1	biol2	plate8	FALSE	16.44105523495466	1.0274463374507212	5
B. vulgatus	B. vulgatus pSG67#2	5	tech1	biol3	plate5	FALSE	16.70898598516076	1.023015425879165	5
B. vulgatus	B. vulgatus pSG67#2	5	tech2	biol1	plate8	FALSE	17.31986809563067	1.0047510281581884	5
B. vulgatus	B. vulgatus pSG67#2	5	tech2	biol2	plate8	FALSE	16.13272877164056	1.0081781766822024	5
B. vulgatus	B. vulgatus pSG67#2	5	tech2	biol3	plate5	FALSE	16.75762572135202	1.0259934163136861	5
B. vulgatus	B. vulgatus pSG67#2	10	tech1	biol1	plate8	FALSE	16.934872217642212	0.9824168508936887	10
B. vulgatus	B. vulgatus pSG67#2	10	tech1	biol2	plate8	FALSE	13.752679307502063	0.8594424009102408	10
B. vulgatus	B. vulgatus pSG67#2	10	tech1	biol3	plate5	FALSE	16.14509480626546	0.9884909266043799	10
B. vulgatus	B. vulgatus pSG67#2	10	tech2	biol1	plate8	FALSE	16.82605111294312	0.9761039785191405	10
B. vulgatus	B. vulgatus pSG67#2	10	tech2	biol2	plate8	FALSE	13.117889530090686	0.8197726581515257	10
B. vulgatus	B. vulgatus pSG67#2	10	tech2	biol3	plate5	FALSE	16.138499587798847	0.9880871312912245	10
B. vulgatus	B. vulgatus pSG70#2	0	tech1	biol1	plate8	TRUE	17.10271646859083	0.9921537428134146	0
B. vulgatus	B. vulgatus pSG70#2	0	tech1	biol2	plate8	TRUE	16.599320882852293	1.0373367890034275	0
B. vulgatus	B. vulgatus pSG70#2	0	tech1	biol3	plate5	TRUE	16.411714770797964	1.0048148577397789	0
B. vulgatus	B. vulgatus pSG70#2	0	tech2	biol1	plate8	TRUE	17.11035653650255	0.9925969543925741	0
B. vulgatus	B. vulgatus pSG70#2	0	tech2	biol2	plate8	TRUE	16.38030560271647	1.0236499274117898	0
B. vulgatus	B. vulgatus pSG70#2	0	tech2	biol3	plate5	TRUE	16.485568760611205	1.0093366025607253	0
B. vulgatus	B. vulgatus pSG70#2	5	tech1	biol1	plate8	FALSE	6.33106960950764	0.3672746619299373	5
B. vulgatus	B. vulgatus pSG70#2	5	tech1	biol2	plate8	FALSE	5.360780984719865	0.33500980988834234	5
B. vulgatus	B. vulgatus pSG70#2	5	tech1	biol3	plate5	FALSE	3.7707979626485573	0.2308688562602854	5
B. vulgatus	B. vulgatus pSG70#2	5	tech2	biol1	plate8	FALSE	6.238539898132428	0.36190687724900905	5
B. vulgatus	B. vulgatus pSG70#2	5	tech2	biol2	plate8	FALSE	4.561120543293719	0.2850368501235255	5
B. vulgatus	B. vulgatus pSG70#2	5	tech2	biol3	plate5	FALSE	4.213073005093379	0.25794735110756334	5
B. vulgatus	B. vulgatus pSG70#2	10	tech1	biol2	plate8	FALSE	1.8582342954159594	0.11612612412439925	10
B. vulgatus	B. vulgatus pSG70#2	10	tech1	biol3	plate5	FALSE	0.22071307300509346	0.01351326038443814	10
B. vulgatus	B. vulgatus pSG70#2	10	tech2	biol1	plate8	FALSE	1.4550084889643466	0.08440718296432188	10
B. vulgatus	B. vulgatus pSG70#2	10	tech2	biol2	plate8	FALSE	1.1816638370118846	0.07384539277348733	10
B. vulgatus	B. vulgatus pSG70#2	10	tech2	biol3	plate5	FALSE	0.3217317487266555	0.019698175714238673	10
B. vulgatus	MGAM	0	tech1	biol1	plate6	TRUE	16.4067300658376	0.9517785476970707	0
B. vulgatus	MGAM	0	tech1	biol2	plate6	TRUE	15.064374542794441	0.9414138100499311	0
B. vulgatus	MGAM	0	tech1	biol3	plate3	TRUE	15.2626188734455	0.9344609278334379	0
B. vulgatus	MGAM	0	tech2	biol1	plate6	TRUE	17.01609363569861	0.987128624843123	0
B. vulgatus	MGAM	0	tech2	biol2	plate6	TRUE	15.570592538405268	0.9730487518531921	0
B. vulgatus	MGAM	0	tech2	biol3	plate3	TRUE	16.06949524506218	0.9838623083645096	0
B. vulgatus	MGAM	5	tech1	biol1	plate6	FALSE	0.1697147037307975	0.009845399637315882	5
B. vulgatus	MGAM	5	tech1	biol2	plate6	FALSE	-0.018288222384784215	-0.0011428808454935317	5
B. vulgatus	MGAM	5	tech1	biol3	plate3	FALSE	-0.18288222384784217	-0.011197049077758805	5
B. vulgatus	MGAM	5	tech2	biol1	plate6	FALSE	0.4177029992684712	0.024231565486669677	5
B. vulgatus	MGAM	5	tech2	biol2	plate6	FALSE	0.38551572787125093	0.024091928223003628	5
B. vulgatus	MGAM	5	tech2	biol3	plate3	FALSE	-0.03438185808339433	-0.0021050452266186555	5
B. vulgatus	MGAM	10	tech1	biol1	plate6	FALSE	0.14118507681053413	0.00819035400862916	10
B. vulgatus	MGAM	10	tech1	biol2	plate6	FALSE	-0.06291148500365769	-0.003931510108497748	10
B. vulgatus	MGAM	10	tech1	biol3	plate3	FALSE	-0.1119239209948794	-0.006852594035588388	10
B. vulgatus	MGAM	10	tech2	biol1	plate6	FALSE	0.11923920994879306	0.00691724198656245	10
B. vulgatus	MGAM	10	tech2	biol2	plate6	FALSE	0.02121433796634969	0.0013257417807724969	10
B. vulgatus	MGAM	10	tech2	biol3	plate3	FALSE	-0.11119239209948803	-0.006807805839277353	10
P. copri	B. vulgatus	0	tech1	biol3	plate4	TRUE	13.10226442658875	1.0336361882963794	0
P. copri	B. vulgatus	0	tech2	biol2	plate7	TRUE	14.092768444119795	1.068778905691612	0
P. copri	B. vulgatus	0	tech2	biol3	plate4	TRUE	13.063550036523008	1.0305820143553799	0
P. copri	B. vulgatus	5	tech1	biol1	plate7	FALSE	-0.1541271000730458	-0.012177388625235614	5
P. copri	B. vulgatus	5	tech1	biol2	plate7	FALSE	-0.20379839298758193	-0.015455829300158574	5
P. copri	B. vulgatus	5	tech1	biol3	plate4	FALSE	-0.1146822498173847	-0.009047269976168323	5
P. copri	B. vulgatus	5	tech2	biol1	plate7	FALSE	-0.062089116143170246	-0.004905583095474073	5
P. copri	B. vulgatus	5	tech2	biol2	plate7	FALSE	-0.18188458728999246	-0.013793912171109264	5
P. copri	B. vulgatus	5	tech2	biol3	plate4	FALSE	-0.07012417823228632	-0.005532088647848158	5
P. copri	B. vulgatus	10	tech1	biol1	plate7	FALSE	-0.20233747260774262	-0.015986429617015477	10
P. copri	B. vulgatus	10	tech1	biol2	plate7	FALSE	-0.19722425127830506	-0.01495725416144378	10
P. copri	B. vulgatus	10	tech1	biol3	plate4	FALSE	-0.09495982468955425	-0.007491370043961035	10
P. copri	B. vulgatus	10	tech2	biol1	plate7	FALSE	-0.2257121986851714	-0.017833237370605715	10
P. copri	B. vulgatus	10	tech2	biol2	plate7	FALSE	-0.06501095690284885	-0.00493035414951296	10
P. copri	B. vulgatus	10	tech2	biol3	plate4	FALSE	-0.1592403214024833	-0.012562451304488506	10
P. copri	B. vulgatus pempty	0	tech1	biol1	plate7	TRUE	13.095425867507887	1.0346531526644547	0
P. copri	B. vulgatus pempty	0	tech1	biol2	plate7	TRUE	13.720031545741325	1.0405109797734757	0
P. copri	B. vulgatus pempty	0	tech1	biol3	plate4	TRUE	11.196372239747634	0.8832805649346241	0
P. copri	B. vulgatus pempty	0	tech2	biol1	plate7	TRUE	13.234227129337539	1.0456196660561405	0
P. copri	B. vulgatus pempty	0	tech2	biol2	plate7	TRUE	13.466876971608833	1.0213120360183865	0
P. copri	B. vulgatus pempty	0	tech2	biol3	plate4	TRUE	12.082807570977918	0.9532113499586797	0
P. copri	B. vulgatus pempty	5	tech1	biol1	plate8	FALSE	-0.20504731861198738	-0.016200531146808687	5
P. copri	B. vulgatus pempty	5	tech1	biol2	plate8	FALSE	-0.3580441640378548	-0.027153646307820762	5
P. copri	B. vulgatus pempty	5	tech1	biol3	plate5	FALSE	-0.20110410094637218	-0.01586508023232578	5
P. copri	B. vulgatus pempty	5	tech2	biol1	plate8	FALSE	-0.13958990536277613	-0.011028823126865922	5
P. copri	B. vulgatus pempty	5	tech2	biol2	plate8	FALSE	-0.3454258675078863	-0.026196689609747782	5
P. copri	B. vulgatus pempty	5	tech2	biol3	plate5	FALSE	-0.224763406940063	-0.017731560259658222	5
P. copri	B. vulgatus pempty	10	tech1	biol1	plate8	FALSE	-0.17744479495268153	-0.014019690415507529	10
P. copri	B. vulgatus pempty	10	tech1	biol2	plate8	FALSE	-0.22870662460567812	-0.01734484015257273	10
P. copri	B. vulgatus pempty	10	tech2	biol1	plate8	FALSE	-0.06703470031545747	-0.005296327490302844	10
P. copri	B. vulgatus pempty	10	tech2	biol2	plate8	FALSE	-0.2634069400630914	-0.019976471072273426	10
P. copri	B. vulgatus pempty	10	tech2	biol3	plate5	FALSE	-0.1924290220820191	-0.0151807042223039	10
P. copri	B. vulgatus pSG62#2	0	tech1	biol2	plate8	TRUE	13.123369362653746	0.9952608248705197	0
P. copri	B. vulgatus pSG62#2	0	tech1	biol3	plate5	TRUE	12.707417070443531	1.0024867241368391	0
P. copri	B. vulgatus pSG62#2	0	tech2	biol2	plate8	TRUE	13.420052180395079	1.0177608991845477	0
P. copri	B. vulgatus pSG62#2	5	tech1	biol2	plate8	FALSE	7.628773760715616	0.5785571872607155	5
P. copri	B. vulgatus pSG62#2	5	tech1	biol3	plate5	FALSE	5.882966828177413	0.4641066009789367	5
P. copri	B. vulgatus pSG62#2	5	tech2	biol2	plate8	FALSE	7.812896011926947	0.5925208012194215	5
P. copri	B. vulgatus pSG62#2	5	tech2	biol3	plate5	FALSE	6.1423779351472225	0.48457151445342606	5
P. copri	B. vulgatus pSG62#2	10	tech1	biol1	plate8	FALSE	-0.1647409616101379	-0.01301597649648185	10
P. copri	B. vulgatus pSG62#2	10	tech1	biol2	plate8	FALSE	-0.30264629146477806	-0.022952337114310183	10
P. copri	B. vulgatus pSG62#2	10	tech1	biol3	plate5	FALSE	-0.14386880357808435	-0.011349793967173703	10
P. copri	B. vulgatus pSG62#2	10	tech2	biol1	plate8	FALSE	0.8177413343272455	0.06460871591240085	10
P. copri	B. vulgatus pSG62#2	10	tech2	biol2	plate8	FALSE	-0.29146477823332073	-0.02210434436378148	10
P. copri	B. vulgatus pSG62#2	10	tech2	biol3	plate5	FALSE	-0.26164740961610117	-0.020641335142372867	10
P. copri	B. vulgatus pSG67#2	0	tech1	biol1	plate8	TRUE	13.421811460258779	1.0604404684753785	0
P. copri	B. vulgatus pSG67#2	0	tech1	biol2	plate8	TRUE	12.808133086876154	0.9713536782232296	0
P. copri	B. vulgatus pSG67#2	0	tech1	biol3	plate5	TRUE	12.809611829944547	1.0105488573861217	0
P. copri	B. vulgatus pSG67#2	0	tech2	biol2	plate8	TRUE	13.4181146025878	1.0176139555732362	0
P. copri	B. vulgatus pSG67#2	0	tech2	biol3	plate5	TRUE	12.984842883548984	1.0243728157815337	0
P. copri	B. vulgatus pSG67#2	5	tech1	biol1	plate8	FALSE	7.541589648798521	0.5958515274857523	5
P. copri	B. vulgatus pSG67#2	5	tech1	biol2	plate8	FALSE	7.836598890942699	0.5943183995548121	5
P. copri	B. vulgatus pSG67#2	5	tech1	biol3	plate5	FALSE	7.755268022181146	0.6118122346391359	5
P. copri	B. vulgatus pSG67#2	5	tech2	biol1	plate8	FALSE	7.513493530499075	0.5936316884617858	5
P. copri	B. vulgatus pSG67#2	5	tech2	biol2	plate8	FALSE	8.116081330868761	0.6155140175406334	5
P. copri	B. vulgatus pSG67#2	5	tech2	biol3	plate5	FALSE	7.982994454713493	0.6297775476593337	5
P. copri	B. vulgatus pSG67#2	10	tech1	biol1	plate8	FALSE	6.717929759704251	0.530775193993681	10
P. copri	B. vulgatus pSG67#2	10	tech1	biol2	plate8	FALSE	3.7693160813308686	0.28586047749131355	10
P. copri	B. vulgatus pSG67#2	10	tech1	biol3	plate5	FALSE	7.064695009242144	0.5573330061947702	10
P. copri	B. vulgatus pSG67#2	10	tech2	biol1	plate8	FALSE	6.869500924214417	0.5427506413598162	10
P. copri	B. vulgatus pSG67#2	10	tech2	biol2	plate8	FALSE	4.244731977818854	0.32191545729259147	10
P. copri	B. vulgatus pSG67#2	10	tech2	biol3	plate5	FALSE	7.351571164510166	0.5799646342851491	10
P. copri	B. vulgatus pSG70#2	0	tech1	biol2	plate8	TRUE	13.52812382030955	1.0259569246498126	0
P. copri	B. vulgatus pSG70#2	0	tech1	biol3	plate5	TRUE	13.35673839184598	1.0537116112084195	0
P. copri	B. vulgatus pSG70#2	0	tech2	biol1	plate8	TRUE	13.59682899207248	1.0742683838784122	0
P. copri	B. vulgatus pSG70#2	0	tech2	biol2	plate8	TRUE	13.817289543223858	1.0478869113749425	0
P. copri	B. vulgatus pSG70#2	0	tech2	biol3	plate5	TRUE	13.328803322008305	1.051507816645381	0
P. copri	B. vulgatus pSG70#2	5	tech1	biol1	plate8	FALSE	-0.22725556813892028	-0.017955177052995836	5
P. copri	B. vulgatus pSG70#2	5	tech1	biol2	plate8	FALSE	-0.30351075877689676	-0.023017897293739504	5
P. copri	B. vulgatus pSG70#2	5	tech1	biol3	plate5	FALSE	-0.30275575688939205	-0.023884368102118365	5
P. copri	B. vulgatus pSG70#2	5	tech2	biol1	plate8	FALSE	-0.28388070970177415	-0.022429058378493134	5
P. copri	B. vulgatus pSG70#2	5	tech2	biol2	plate8	FALSE	-0.2015855039637599	-0.015288006411513561	5
P. copri	B. vulgatus pSG70#2	5	tech2	biol3	plate5	FALSE	-0.166855417138543	-0.013163205363012883	5
P. copri	B. vulgatus pSG70#2	10	tech1	biol1	plate8	FALSE	-0.22046055115137791	-0.01741831129393617	10
P. copri	B. vulgatus pSG70#2	10	tech1	biol2	plate8	FALSE	-0.3080407701019251	-0.023361447999616217	10
P. copri	B. vulgatus pSG70#2	10	tech1	biol3	plate5	FALSE	-0.23782559456398622	-0.01876203479343462	10
P. copri	B. vulgatus pSG70#2	10	tech2	biol1	plate8	FALSE	-0.34352585881464687	-0.027141546708016957	10
P. copri	B. vulgatus pSG70#2	10	tech2	biol2	plate8	FALSE	-0.31332578331445815	-0.02376225715647238	10
P. copri	B. vulgatus pSG70#2	10	tech2	biol3	plate5	FALSE	-0.297470743676859	-0.023467433995597593	10
P. copri	MGAM	0	tech1	biol1	plate6	TRUE	11.25050916496945	0.8888886008280077	0
P. copri	MGAM	0	tech1	biol2	plate6	TRUE	11.746435845213849	0.8908358139995325	0
P. copri	MGAM	0	tech1	biol3	plate3	TRUE	12.126272912423627	0.9566403259274269	0
P. copri	MGAM	0	tech2	biol1	plate6	TRUE	11.34215885947047	0.8961297280976059	0
P. copri	MGAM	0	tech2	biol2	plate6	TRUE	11.90325865580448	0.9027290706407053	0
P. copri	MGAM	0	tech2	biol3	plate3	TRUE	12.676171079429736	1.0000217313692148	0
P. copri	MGAM	5	tech1	biol1	plate6	FALSE	-0.13441955193482671	-0.010620319995410651	5
P. copri	MGAM	5	tech1	biol2	plate6	FALSE	-0.2729124236252543	-0.02069735571320975	5
P. copri	MGAM	5	tech1	biol3	plate3	FALSE	-0.26069246435845234	-0.02056599961684762	5
P. copri	MGAM	5	tech2	biol1	plate6	FALSE	-0.14358452138492853	-0.011344432722370467	5
P. copri	MGAM	5	tech2	biol2	plate6	FALSE	-0.256619144602851	-0.01946169268555543	5
P. copri	MGAM	5	tech2	biol3	plate3	FALSE	-0.18839103869653784	-0.014862148160612538	5
P. copri	MGAM	10	tech1	biol1	plate6	FALSE	-0.061099796334012274	-0.004827418179732124	10
P. copri	MGAM	10	tech1	biol2	plate6	FALSE	-0.23625254582484692	-0.017917113900987536	10
P. copri	MGAM	10	tech1	biol3	plate3	FALSE	-0.2596741344195521	-0.020485663680844306	10
P. copri	MGAM	10	tech2	biol1	plate6	FALSE	-0.16496945010183278	-0.013034029085276707	10
P. copri	MGAM	10	tech2	biol2	plate6	FALSE	-0.2321792260692461	-0.01760819814407396	10
P. copri	MGAM	10	tech2	biol3	plate3	FALSE	-0.19348268839103888	-0.015263827840629095	10
P. merdae	B. vulgatus	0	tech1	biol1	plate10	TRUE	15.349276974416018	0.9698850020531113	0
P. merdae	B. vulgatus	0	tech1	biol2	plate10	TRUE	14.668520578420468	0.974982177242058	0
P. merdae	B. vulgatus	0	tech1	biol3	plate7	TRUE	14.863181312569523	1.0022444968322293	0
P. merdae	B. vulgatus	0	tech2	biol1	plate10	TRUE	15.292547274749722	0.9663003846819462	0
P. merdae	B. vulgatus	0	tech2	biol2	plate10	TRUE	14.561735261401559	0.9678844075434734	0
P. merdae	B. vulgatus	0	tech2	biol3	plate7	TRUE	14.572858731924361	0.9826676510252234	0
P. merdae	B. vulgatus	5	tech1	biol1	plate10	FALSE	-0.2714126807563963	-0.0171499340894963	5
P. merdae	B. vulgatus	5	tech1	biol3	plate7	FALSE	-0.2046718576195775	-0.013801301258578832	5
P. merdae	B. vulgatus	5	tech2	biol1	plate10	FALSE	-0.2424916573971079	-0.015322482096353235	5
P. merdae	B. vulgatus	5	tech2	biol2	plate10	FALSE	-0.311457174638487	-0.020701828287538946	5
P. merdae	B. vulgatus	5	tech2	biol3	plate7	FALSE	-0.34260289210233574	-0.02310217819370801	5
P. merdae	B. vulgatus	10	tech1	biol1	plate10	FALSE	-0.3236929922135704	-0.020453405000177928	10
P. merdae	B. vulgatus	10	tech1	biol2	plate10	FALSE	0.15906562847608469	0.010572719446850265	10
P. merdae	B. vulgatus	10	tech1	biol3	plate7	FALSE	-0.36929922135706317	-0.02490234792308785	10
P. merdae	B. vulgatus	10	tech2	biol1	plate10	FALSE	-0.27363737486095685	-0.01729050731973807	10
P. merdae	B. vulgatus	10	tech2	biol2	plate10	FALSE	-0.35372636262513873	-0.023511362126562085	10
P. merdae	B. vulgatus	10	tech2	biol3	plate7	FALSE	-0.24360400444938846	-0.016426548780591108	10
P. merdae	B. vulgatus pempty	0	tech1	biol1	plate10	TRUE	15.020063357972544	0.9490827616874972	0
P. merdae	B. vulgatus pempty	0	tech1	biol2	plate10	TRUE	14.764519535374868	0.9813630028722898	0
P. merdae	B. vulgatus pempty	0	tech1	biol3	plate7	TRUE	15.029567053854278	1.01346411328224	0
P. merdae	B. vulgatus pempty	0	tech2	biol1	plate10	TRUE	14.817317845828933	0.9362717457817041	0
P. merdae	B. vulgatus pempty	0	tech2	biol2	plate10	TRUE	14.803590285110877	0.9839599440184975	0
P. merdae	B. vulgatus pempty	0	tech2	biol3	plate7	TRUE	14.760295670538543	0.9953067782940455	0
P. merdae	B. vulgatus pempty	5	tech1	biol1	plate11	FALSE	-0.20485744456177368	-0.012944463988144977	5
P. merdae	B. vulgatus pempty	5	tech1	biol2	plate11	FALSE	-0.2449841605068634	-0.016283522862707116	5
P. merdae	B. vulgatus pempty	5	tech1	biol3	plate8	FALSE	-0.2544878563885952	-0.017160461694724898	5
P. merdae	B. vulgatus pempty	5	tech2	biol1	plate11	FALSE	-0.26504751847940833	-0.01674773433517727	5
P. merdae	B. vulgatus pempty	5	tech2	biol2	plate11	FALSE	-0.16473072861668409	-0.010949265373199617	5
P. merdae	B. vulgatus pempty	5	tech2	biol3	plate8	FALSE	-0.24392819429778223	-0.016448409342246693	5
P. merdae	B. vulgatus pempty	10	tech1	biol1	plate11	FALSE	-0.19957761351636716	-0.012610843782264953	10
P. merdae	B. vulgatus pempty	10	tech1	biol2	plate11	FALSE	-0.15945089757127776	-0.010598327380468875	10
P. merdae	B. vulgatus pempty	10	tech1	biol3	plate8	FALSE	-0.2502639915522701	-0.01687564075373362	10
P. merdae	B. vulgatus pempty	10	tech2	biol1	plate11	FALSE	-0.15628299894403366	-0.009875158094048753	10
P. merdae	B. vulgatus pempty	10	tech2	biol2	plate11	FALSE	-0.16261879619852154	-0.01080889017610732	10
P. merdae	B. vulgatus pempty	10	tech2	biol3	plate8	FALSE	-0.24181626187961955	-0.016305998871751045	10
P. merdae	B. vulgatus pSG62#2	0	tech1	biol1	plate11	TRUE	18.884405670665213	1.1932615368914967	0
P. merdae	B. vulgatus pSG62#2	0	tech1	biol2	plate11	TRUE	14.677208287895311	0.975559628925324	0
P. merdae	B. vulgatus pSG62#2	0	tech1	biol3	plate8	TRUE	14.509269356597601	0.9783797331065778	0
P. merdae	B. vulgatus pSG62#2	0	tech2	biol1	plate11	TRUE	19.510359869138497	1.2328141223379205	0
P. merdae	B. vulgatus pSG62#2	0	tech2	biol2	plate11	TRUE	14.956379498364232	0.9941154848585199	0
P. merdae	B. vulgatus pSG62#2	0	tech2	biol3	plate8	TRUE	14.90948745910578	1.0053669831667142	0
P. merdae	B. vulgatus pSG62#2	5	tech1	biol1	plate11	FALSE	12.131952017448203	0.7665897440617834	5
P. merdae	B. vulgatus pSG62#2	5	tech1	biol2	plate11	FALSE	15.389312977099237	1.0228915583174212	5
P. merdae	B. vulgatus pSG62#2	5	tech1	biol3	plate8	FALSE	13.461286804798256	0.9077128467093271	5
P. merdae	B. vulgatus pSG62#2	5	tech2	biol1	plate11	FALSE	12.135223555070885	0.7667964648916427	5
P. merdae	B. vulgatus pSG62#2	5	tech2	biol2	plate11	FALSE	15.716466739367505	1.0446367019891352	5
P. merdae	B. vulgatus pSG62#2	5	tech2	biol3	plate8	FALSE	13.377317339149402	0.9020506716285901	5
P. merdae	B. vulgatus pSG62#2	10	tech1	biol1	plate11	FALSE	-0.3358778625954195	-0.021223338532227326	10
P. merdae	B. vulgatus pSG62#2	10	tech1	biol2	plate11	FALSE	-0.224645583424209	-0.014931665321243511	10
P. merdae	B. vulgatus pSG62#2	10	tech1	biol3	plate8	FALSE	-0.23882224645583408	-0.016104108346511867	10
P. merdae	B. vulgatus pSG62#2	10	tech2	biol1	plate11	FALSE	-0.23555070883315124	-0.014883899749873702	10
P. merdae	B. vulgatus pSG62#2	10	tech2	biol2	plate11	FALSE	0.11559432933478746	0.007683284097338913	10
P. merdae	B. vulgatus pSG62#2	10	tech2	biol3	plate8	FALSE	0.20065430752453672	0.013530392400722322	10
P. merdae	B. vulgatus pSG67#2	0	tech1	biol1	plate11	TRUE	15.481318681318681	0.9782284094581536	0
P. merdae	B. vulgatus pSG67#2	0	tech1	biol2	plate11	TRUE	15.5978021978022	1.036749348081954	0
P. merdae	B. vulgatus pSG67#2	0	tech1	biol3	plate8	TRUE	15.221978021978023	1.026438646114528	0
P. merdae	B. vulgatus pSG67#2	0	tech2	biol1	plate11	TRUE	15.34945054945055	0.9698959698545918	0
P. merdae	B. vulgatus pSG67#2	5	tech1	biol1	plate11	FALSE	16.892307692307693	1.0673855132162646	5
P. merdae	B. vulgatus pSG67#2	5	tech1	biol2	plate11	FALSE	16.402197802197804	1.0902156382606205	5
P. merdae	B. vulgatus pSG67#2	5	tech1	biol3	plate8	FALSE	16.164835164835168	1.0900167834496615	5
P. merdae	B. vulgatus pSG67#2	5	tech2	biol1	plate11	FALSE	16.75934065934066	1.0589836366160066	5
P. merdae	B. vulgatus pSG67#2	5	tech2	biol2	plate11	FALSE	16.362637362637365	1.0875861485797025	5
P. merdae	B. vulgatus pSG67#2	5	tech2	biol3	plate8	FALSE	15.908791208791211	1.072751391842335	5
P. merdae	B. vulgatus pSG67#2	10	tech1	biol1	plate11	FALSE	16.176923076923078	1.022182028366942	10
P. merdae	B. vulgatus pSG67#2	10	tech1	biol2	plate11	FALSE	12.295604395604396	0.817260001105325	10
P. merdae	B. vulgatus pSG67#2	10	tech1	biol3	plate8	FALSE	15.482417582417584	1.0440004392945126	10
P. merdae	B. vulgatus pSG67#2	10	tech2	biol1	plate11	FALSE	15.904395604395607	1.0049616531862477	10
P. merdae	B. vulgatus pSG67#2	10	tech2	biol2	plate11	FALSE	12.125274725274727	0.8059385872013725	10
P. merdae	B. vulgatus pSG67#2	10	tech2	biol3	plate8	FALSE	15.475824175824176	1.0435558369355253	10
P. merdae	B. vulgatus pSG70#2	0	tech1	biol1	plate11	TRUE	15.102473498233214	0.9542900661871906	0
P. merdae	B. vulgatus pSG70#2	0	tech1	biol2	plate11	TRUE	16.22614840989399	1.078514047845086	0
P. merdae	B. vulgatus pSG70#2	0	tech1	biol3	plate8	TRUE	14.952885747938751	1.0082933887080365	0
P. merdae	B. vulgatus pSG70#2	0	tech2	biol1	plate11	TRUE	15.096584216725558	0.9539179362284528	0
P. merdae	B. vulgatus pSG70#2	0	tech2	biol2	plate11	TRUE	16.354534746760894	1.0870475866963576	0
P. merdae	B. vulgatus pSG70#2	0	tech2	biol3	plate8	TRUE	15.307420494699647	1.032200148062201	0
P. merdae	B. vulgatus pSG70#2	5	tech1	biol1	plate11	FALSE	-0.322732626619552	-0.020392721738830905	5
P. merdae	B. vulgatus pSG70#2	5	tech1	biol2	plate11	FALSE	-0.15312131919905783	-0.010177615143718156	5
P. merdae	B. vulgatus pSG70#2	5	tech1	biol3	plate8	FALSE	-0.21790341578327457	-0.014693523191097823	5
P. merdae	B. vulgatus pSG70#2	5	tech2	biol1	plate11	FALSE	-0.46407538280329763	-0.029323840748537888	5
P. merdae	B. vulgatus pSG70#2	5	tech2	biol2	plate11	FALSE	-0.19787985865724345	-0.013152610339574197	5
P. merdae	B. vulgatus pSG70#2	5	tech2	biol3	plate8	FALSE	-0.29681978798586534	-0.020014961319765646	5
P. merdae	B. vulgatus pSG70#2	10	tech1	biol1	plate11	FALSE	-0.3898704358068311	-0.02463500326844172	10
P. merdae	B. vulgatus pSG70#2	10	tech1	biol2	plate11	FALSE	-0.32744405182567676	-0.02176443853810493	10
P. merdae	B. vulgatus pSG70#2	10	tech1	biol3	plate8	FALSE	-0.2661955241460539	-0.017949925628043796	10
P. merdae	B. vulgatus pSG70#2	10	tech2	biol1	plate11	FALSE	-0.20259128386336847	-0.01280127058057999	10
P. merdae	B. vulgatus pSG70#2	10	tech2	biol3	plate8	FALSE	-0.18138987043580698	-0.01223136525096792	10
P. merdae	MGAM	0	tech1	biol1	plate9	TRUE	14.892175572519085	0.9410018308877052	0
P. merdae	MGAM	0	tech1	biol2	plate9	TRUE	14.400763358778626	0.9571849825227258	0
P. merdae	MGAM	0	tech1	biol3	plate6	TRUE	14.502862595419847	0.9779477165013917	0
P. merdae	MGAM	0	tech2	biol1	plate9	TRUE	15.114503816793894	0.9550502339502306	0
P. merdae	MGAM	0	tech2	biol2	plate9	TRUE	14.482824427480917	0.9626393893937141	0
P. merdae	MGAM	0	tech2	biol3	plate6	TRUE	14.499045801526718	0.9776903449068127	0
P. merdae	MGAM	5	tech1	biol1	plate9	FALSE	-0.3463740458015265	-0.021886567861359434	5
P. merdae	MGAM	5	tech1	biol2	plate9	FALSE	-0.3950381679389311	-0.026257260983594502	5
P. merdae	MGAM	5	tech1	biol3	plate6	FALSE	-0.21469465648854982	-0.014477152195066343	5
P. merdae	MGAM	5	tech2	biol1	plate9	FALSE	-0.3330152671755724	-0.0210424578061004	5
P. merdae	MGAM	5	tech2	biol2	plate9	FALSE	-0.3683206106870227	-0.02448140758373787	5
P. merdae	MGAM	5	tech2	biol3	plate6	FALSE	-0.16698473282442763	-0.011260007262829377	5
P. merdae	MGAM	10	tech1	biol1	plate9	FALSE	-0.3883587786259539	-0.02453948517788785	10
P. merdae	MGAM	10	tech1	biol2	plate9	FALSE	-0.16793893129771006	-0.011162507084813138	10
P. merdae	MGAM	10	tech1	biol3	plate6	FALSE	-0.30629770992366406	-0.020654070464961292	10
P. merdae	MGAM	10	tech2	biol1	plate9	FALSE	-0.30343511450381666	-0.01917335696945538	10
P. merdae	MGAM	10	tech2	biol2	plate9	FALSE	-0.24618320610687044	-0.01636322061296471	10
P. merdae	MGAM	10	tech2	biol3	plate6	FALSE	-0.23759541984732846	-0.016021381762540084	10
S. parasanguinis	B. vulgatus	0	tech1	biol2	plate10	TRUE	16.778923253150058	1.0068803934034658	0
S. parasanguinis	B. vulgatus	0	tech1	biol3	plate7	TRUE	14.790378006872851	0.9625319060752994	0
S. parasanguinis	B. vulgatus	0	tech2	biol1	plate10	TRUE	16.682703321878577	1.0054580989247346	0
S. parasanguinis	B. vulgatus	0	tech2	biol2	plate10	TRUE	16.72852233676976	1.0038559028716694	0
S. parasanguinis	B. vulgatus	0	tech2	biol3	plate7	TRUE	14.833906071019472	0.9653646362821505	0
S. parasanguinis	B. vulgatus	5	tech1	biol1	plate10	FALSE	2.4123711340206184	0.1453923892018327	5
S. parasanguinis	B. vulgatus	5	tech1	biol2	plate10	FALSE	5.175257731958762	0.31056018687854026	5
S. parasanguinis	B. vulgatus	5	tech1	biol3	plate7	FALSE	2.357388316151203	0.15341470436051474	5
S. parasanguinis	B. vulgatus	5	tech2	biol1	plate10	FALSE	3.053837342497136	0.18405323343403893	5
S. parasanguinis	B. vulgatus	5	tech2	biol2	plate10	FALSE	5.051546391752576	0.30313643739140383	5
S. parasanguinis	B. vulgatus	5	tech2	biol3	plate7	FALSE	2.6391752577319587	0.17175290517328765	5
S. parasanguinis	B. vulgatus	10	tech1	biol1	plate10	FALSE	1.302405498281787	0.07849532123574729	10
S. parasanguinis	B. vulgatus	10	tech1	biol2	plate10	FALSE	3.379152348224513	0.20277834247270782	10
S. parasanguinis	B. vulgatus	10	tech1	biol3	plate7	FALSE	1.5486827033218784	0.1007855589384917	10
S. parasanguinis	B. vulgatus	10	tech2	biol1	plate10	FALSE	1.3894616265750286	0.08374215009583241	10
S. parasanguinis	B. vulgatus	10	tech2	biol2	plate10	FALSE	3.328751431844215	0.19975385194091147	10
S. parasanguinis	B. vulgatus	10	tech2	biol3	plate7	FALSE	1.4009163802978233	0.0911691853415498	10
S. parasanguinis	B. vulgatus pempty	0	tech1	biol1	plate10	TRUE	15.866863905325443	0.9562878695579147	0
S. parasanguinis	B. vulgatus pempty	0	tech1	biol2	plate10	TRUE	17.28550295857988	1.0372795534328576	0
S. parasanguinis	B. vulgatus pempty	0	tech1	biol3	plate7	TRUE	13.00739644970414	0.8464985879328405	0
S. parasanguinis	B. vulgatus pempty	0	tech2	biol1	plate10	TRUE	15.90680473372781	0.958695083102392	0
S. parasanguinis	B. vulgatus pempty	0	tech2	biol2	plate10	TRUE	17.39792899408284	1.0440260871137217	0
S. parasanguinis	B. vulgatus pempty	0	tech2	biol3	plate7	TRUE	12.70118343195266	0.8265707808474205	0
S. parasanguinis	B. vulgatus pempty	5	tech1	biol1	plate11	FALSE	2.3846153846153846	0.1437195642110161	5
S. parasanguinis	B. vulgatus pempty	5	tech1	biol2	plate11	FALSE	5.943786982248521	0.3566785832856844	5
S. parasanguinis	B. vulgatus pempty	5	tech1	biol3	plate8	FALSE	4.325443786982248	0.2814923087814882	5
S. parasanguinis	B. vulgatus pempty	5	tech2	biol1	plate11	FALSE	2.1745562130177514	0.13105940408820946	5
S. parasanguinis	B. vulgatus pempty	5	tech2	biol2	plate11	FALSE	5.613905325443787	0.33688283314314893	5
S. parasanguinis	B. vulgatus pempty	5	tech2	biol3	plate8	FALSE	4.405325443786982	0.28669086715159775	5
S. parasanguinis	B. vulgatus pempty	10	tech1	biol1	plate11	FALSE	2.0502958579881656	0.12357029528316892	10
S. parasanguinis	B. vulgatus pempty	10	tech1	biol2	plate11	FALSE	4.57396449704142	0.2744773965951558	10
S. parasanguinis	B. vulgatus pempty	10	tech1	biol3	plate8	FALSE	2.0355029585798814	0.13246696883834738	10
S. parasanguinis	B. vulgatus pempty	10	tech2	biol1	plate11	FALSE	1.9866863905325443	0.11973658482344578	10
S. parasanguinis	B. vulgatus pempty	10	tech2	biol2	plate11	FALSE	4.2174556213017755	0.2530837832124157	10
S. parasanguinis	B. vulgatus pempty	10	tech2	biol3	plate8	FALSE	1.997041420118343	0.12996395925273907	10
S. parasanguinis	B. vulgatus pSG62#2	0	tech1	biol2	plate11	TRUE	16.729833546734955	1.0039345868006482	0
S. parasanguinis	B. vulgatus pSG62#2	0	tech1	biol3	plate8	TRUE	15.573623559539051	1.0135041553567223	0
S. parasanguinis	B. vulgatus pSG62#2	0	tech2	biol2	plate11	TRUE	16.596670934699105	0.9959436793287925	0
S. parasanguinis	B. vulgatus pSG62#2	0	tech2	biol3	plate8	TRUE	15.432778489116517	1.004338204761537	0
S. parasanguinis	B. vulgatus pSG62#2	5	tech1	biol2	plate11	FALSE	7.914212548015365	0.47492114503404304	5
S. parasanguinis	B. vulgatus pSG62#2	5	tech1	biol3	plate8	FALSE	6.372599231754161	0.414717601020341	5
S. parasanguinis	B. vulgatus pSG62#2	5	tech2	biol2	plate11	FALSE	7.720870678617157	0.4633189620700986	5
S. parasanguinis	B. vulgatus pSG62#2	5	tech2	biol3	plate8	FALSE	6.308578745198464	0.4105512598407113	5
S. parasanguinis	B. vulgatus pSG62#2	10	tech1	biol2	plate11	FALSE	4.227912932138285	0.2537113122314205	10
S. parasanguinis	B. vulgatus pSG62#2	10	tech1	biol3	plate8	FALSE	2.839948783610756	0.18481889472837382	10
S. parasanguinis	B. vulgatus pSG62#2	10	tech2	biol1	plate11	FALSE	3.6338028169014085	0.21900745950193	10
S. parasanguinis	B. vulgatus pSG62#2	10	tech2	biol2	plate11	FALSE	4.266325224071703	0.2560163816944558	10
S. parasanguinis	B. vulgatus pSG62#2	10	tech2	biol3	plate8	FALSE	2.742637644046095	0.17848605613533663	10
S. parasanguinis	B. vulgatus pSG67#2	0	tech1	biol2	plate11	TRUE	15.960559796437659	0.9577715139593153	0
S. parasanguinis	B. vulgatus pSG67#2	0	tech1	biol3	plate8	TRUE	16.721374045801525	1.0881977475507632	0
S. parasanguinis	B. vulgatus pSG67#2	0	tech2	biol2	plate11	TRUE	16.002544529262085	0.9602909607477295	0
S. parasanguinis	B. vulgatus pSG67#2	0	tech2	biol3	plate8	TRUE	16.681933842239186	1.0856310481538163	0
S. parasanguinis	B. vulgatus pSG67#2	5	tech1	biol1	plate11	FALSE	8.393129770992367	0.5058496899901892	5
S. parasanguinis	B. vulgatus pSG67#2	5	tech2	biol1	plate11	FALSE	8.32442748091603	0.5017090376846761	5
S. parasanguinis	B. vulgatus pSG67#2	10	tech1	biol1	plate11	FALSE	6.826972010178117	0.41145815317376916	10
S. parasanguinis	B. vulgatus pSG67#2	10	tech1	biol2	plate11	FALSE	5.961832061068702	0.3577614439548307	10
S. parasanguinis	B. vulgatus pSG67#2	10	tech1	biol3	plate8	FALSE	6.744274809160305	0.4389055968779271	10
S. parasanguinis	B. vulgatus pSG67#2	10	tech2	biol1	plate11	FALSE	6.67175572519084	0.40210334611316545	10
S. parasanguinis	B. vulgatus pSG67#2	10	tech2	biol2	plate11	FALSE	5.863867684478372	0.351882734781864	10
S. parasanguinis	B. vulgatus pSG67#2	10	tech2	biol3	plate8	FALSE	6.907124681933842	0.4495035814846758	10
S. parasanguinis	B. vulgatus pSG70#2	0	tech1	biol2	plate11	TRUE	16.654978083907327	0.9994426121534591	0
S. parasanguinis	B. vulgatus pSG70#2	0	tech1	biol3	plate8	TRUE	16.852849092047588	1.09675391337734	0
S. parasanguinis	B. vulgatus pSG70#2	0	tech2	biol2	plate11	TRUE	16.507201001878524	0.9905747101883409	0
S. parasanguinis	B. vulgatus pSG70#2	0	tech2	biol3	plate8	TRUE	17.065748278021292	1.1106090196621101	0
S. parasanguinis	B. vulgatus pSG70#2	5	tech1	biol1	plate11	FALSE	4.587351283656857	0.2764773437358101	5
S. parasanguinis	B. vulgatus pSG70#2	5	tech1	biol2	plate11	FALSE	4.974326862867878	0.29850259835127	5
S. parasanguinis	B. vulgatus pSG70#2	5	tech1	biol3	plate8	FALSE	4.045084533500313	0.2632470194106271	5
S. parasanguinis	B. vulgatus pSG70#2	5	tech2	biol1	plate11	FALSE	4.608641202254227	0.27776047637122064	5
S. parasanguinis	B. vulgatus pSG70#2	5	tech2	biol2	plate11	FALSE	5.124608641202255	0.30752080373952595	5
S. parasanguinis	B. vulgatus pSG70#2	5	tech2	biol3	plate8	FALSE	3.854727614276769	0.2508589243795388	5
S. parasanguinis	B. vulgatus pSG70#2	10	tech1	biol1	plate11	FALSE	2.3694427050720104	0.14280511448216018	10
S. parasanguinis	B. vulgatus pSG70#2	10	tech1	biol2	plate11	FALSE	3.772072636192862	0.22635695524522287	10
S. parasanguinis	B. vulgatus pSG70#2	10	tech1	biol3	plate8	FALSE	2.2066374452097683	0.14360410161037923	10
S. parasanguinis	B. vulgatus pSG70#2	10	tech2	biol1	plate11	FALSE	2.181590482154039	0.1314833559344202	10
S. parasanguinis	B. vulgatus pSG70#2	10	tech2	biol2	plate11	FALSE	3.8772698810269257	0.232669699017002	10
S. parasanguinis	B. vulgatus pSG70#2	10	tech2	biol3	plate8	FALSE	1.4251721978710084	0.09274771148275346	10
S. parasanguinis	MGAM	0	tech2	biol1	plate9	TRUE	17.912195121951218	1.0795589484149588	0
S. parasanguinis	MGAM	5	tech1	biol1	plate9	FALSE	3.1056910569105685	0.18717843059845415	5
S. parasanguinis	MGAM	5	tech1	biol2	plate9	FALSE	5.892682926829267	0.35361189833524276	5
S. parasanguinis	MGAM	5	tech2	biol2	plate9	FALSE	6.211382113821138	0.3727366036535948	5
S. parasanguinis	MGAM	5	tech2	biol3	plate6	FALSE	3.3886178861788614	0.2205253193278058	5
S. parasanguinis	MGAM	10	tech1	biol1	plate9	FALSE	2.23739837398374	0.1348468693735461	10
S. parasanguinis	MGAM	10	tech1	biol2	plate9	FALSE	3.0178861788617883	0.18109925036153715	10
S. parasanguinis	MGAM	10	tech1	biol3	plate6	FALSE	1.7365853658536583	0.11301393524092927	10
S. parasanguinis	MGAM	10	tech2	biol3	plate6	FALSE	4.045528455284553	0.26327590906313864	10
S. salivarius	B. vulgatus	5	tech1	biol1	plate7	FALSE	0.812583668005355	0.047468714435902934	5
S. salivarius	B. vulgatus	5	tech1	biol2	plate7	FALSE	3.2275769745649265	0.18577711918710774	5
S. salivarius	B. vulgatus	5	tech1	biol3	plate4	FALSE	1.5006693440428385	0.10827715592520347	5
S. salivarius	B. vulgatus	5	tech2	biol1	plate7	FALSE	0.22891566265060262	0.013372570294134115	5
S. salivarius	B. vulgatus	5	tech2	biol2	plate7	FALSE	1.6572958500669344	0.09539281358508475	5
S. salivarius	B. vulgatus	5	tech2	biol3	plate4	FALSE	0.19143239625167352	0.013812340140324801	5
S. salivarius	B. vulgatus	10	tech1	biol1	plate7	FALSE	0.46854082998661356	0.02737075791197041	10
S. salivarius	B. vulgatus	10	tech1	biol2	plate7	FALSE	1.9531459170013388	0.11242174072749489	10
S. salivarius	B. vulgatus	10	tech1	biol3	plate4	FALSE	0.92904953145917	0.06703331508661123	10
S. salivarius	B. vulgatus	10	tech2	biol1	plate7	FALSE	0.22356091030789849	0.013059761632283026	10
S. salivarius	B. vulgatus	10	tech2	biol2	plate7	FALSE	2.2530120481927716	0.12968182977681558	10
S. salivarius	B. vulgatus	10	tech2	biol3	plate4	FALSE	0.05087014725568947	0.0036704120652611364	10
S. salivarius	B. vulgatus pempty	0	tech1	biol1	plate7	TRUE	17.09981515711645	0.9989202030018357	0
S. salivarius	B. vulgatus pempty	0	tech1	biol2	plate7	TRUE	17.417744916820702	1.0025534631343762	0
S. salivarius	B. vulgatus pempty	0	tech1	biol3	plate4	TRUE	13.800369685767098	0.9957321952520671	0
S. salivarius	B. vulgatus pempty	0	tech2	biol1	plate7	TRUE	17.136783733826245	1.0010797969981644	0
S. salivarius	B. vulgatus pempty	0	tech2	biol2	plate7	TRUE	17.32902033271719	0.9974465368656241	0
S. salivarius	B. vulgatus pempty	0	tech2	biol3	plate4	TRUE	13.918669131238447	1.0042678047479328	0
S. salivarius	B. vulgatus pempty	5	tech1	biol1	plate8	FALSE	-6.505213034913027e-19	-3.800151443567593e-20	5
S. salivarius	B. vulgatus pempty	5	tech1	biol2	plate8	FALSE	2.6487985212569316	0.1524630279817002	5
S. salivarius	B. vulgatus pempty	5	tech2	biol1	plate8	FALSE	-0.2828096118299448	-0.016520894071914496	5
S. salivarius	B. vulgatus pempty	5	tech2	biol2	plate8	FALSE	2.785582255083179	0.1603362059793595	5
S. salivarius	B. vulgatus pempty	5	tech2	biol3	plate5	FALSE	1.3937153419593344	0.10056014937316617	5
S. salivarius	B. vulgatus pempty	10	tech1	biol1	plate8	FALSE	-0.3123844731977821	-0.018248569268977447	10
S. salivarius	B. vulgatus pempty	10	tech1	biol2	plate8	FALSE	1.2772643253234754	0.07351845941057562	10
S. salivarius	B. vulgatus pempty	10	tech2	biol1	plate8	FALSE	-0.46025878003696885	-0.02688694525429221	10
S. salivarius	B. vulgatus pempty	10	tech2	biol2	plate8	FALSE	-0.4232902033271716	-0.02436429407383763	10
S. salivarius	B. vulgatus pempty	10	tech2	biol3	plate5	FALSE	-0.003696857670979669	-2.6673779674579897e-4	10
S. salivarius	B. vulgatus pSG62#2	5	tech1	biol2	plate8	FALSE	6.409090909090909	0.3689028813510142	5
S. salivarius	B. vulgatus pSG62#2	5	tech1	biol3	plate5	FALSE	4.928571428571428	0.3556091148115687	5
S. salivarius	B. vulgatus pSG62#2	5	tech2	biol2	plate8	FALSE	6.7435064935064934	0.38815161325534775	5
S. salivarius	B. vulgatus pSG62#2	5	tech2	biol3	plate5	FALSE	5.474025974025974	0.3949650642768807	5
S. salivarius	B. vulgatus pSG62#2	10	tech1	biol1	plate8	FALSE	1.0795454545454546	0.06306382581892787	10
S. salivarius	B. vulgatus pSG62#2	10	tech1	biol2	plate8	FALSE	1.8457792207792207	0.10624178725838479	10
S. salivarius	B. vulgatus pSG62#2	10	tech1	biol3	plate5	FALSE	0.18019480519480535	0.01300151901979057	10
S. salivarius	B. vulgatus pSG62#2	10	tech2	biol1	plate8	FALSE	1.0892857142857142	0.06363282274360992	10
S. salivarius	B. vulgatus pSG62#2	10	tech2	biol2	plate8	FALSE	2.1363636363636362	0.12296762711700472	10
S. salivarius	B. vulgatus pSG62#2	10	tech2	biol3	plate5	FALSE	0.31655844155844187	0.02284050638611857	10
S. salivarius	B. vulgatus pSG67#2	10	tech1	biol1	plate8	FALSE	6.510913500404203	0.38034814854968946	10
S. salivarius	B. vulgatus pSG67#2	10	tech1	biol2	plate8	FALSE	4.227970897332255	0.24335910793241305	10
S. salivarius	B. vulgatus pSG67#2	10	tech2	biol1	plate8	FALSE	6.365400161681487	0.37184769328038925	10
S. salivarius	B. vulgatus pSG67#2	10	tech2	biol2	plate8	FALSE	3.9094583670169767	0.22502574492565003	10
S. salivarius	B. vulgatus pSG70#2	5	tech1	biol1	plate8	FALSE	2.3620823620823623	0.1379858069200473	5
S. salivarius	B. vulgatus pSG70#2	5	tech1	biol2	plate8	FALSE	2.41958041958042	0.13926939110469277	5
S. salivarius	B. vulgatus pSG70#2	5	tech1	biol3	plate5	FALSE	0.697746697746698	0.050344220256196795	5
S. salivarius	B. vulgatus pSG70#2	5	tech2	biol1	plate8	FALSE	2.777000777000777	0.1622241032671872	5
S. salivarius	B. vulgatus pSG70#2	5	tech2	biol2	plate8	FALSE	2.7583527583527587	0.15876889480464335	5
S. salivarius	B. vulgatus pSG70#2	5	tech2	biol3	plate5	FALSE	1.056721056721057	0.07624514426328245	5
S. salivarius	B. vulgatus pSG70#2	10	tech1	biol1	plate8	FALSE	0.11344211344211337	0.006626949937607531	10
S. salivarius	B. vulgatus pSG70#2	10	tech1	biol2	plate8	FALSE	1.3022533022533027	0.0749568078007274	10
S. salivarius	B. vulgatus pSG70#2	10	tech1	biol3	plate5	FALSE	2.163170163170163	0.15607829531542522	10
S. salivarius	B. vulgatus pSG70#2	10	tech2	biol1	plate8	FALSE	0.519036519036519	0.030320565467957764	10
S. salivarius	B. vulgatus pSG70#2	10	tech2	biol2	plate8	FALSE	1.4312354312354318	0.08238093076905721	10
S. salivarius	B. vulgatus pSG70#2	10	tech2	biol3	plate5	FALSE	0.36052836052836085	0.02601304921923756	10
S. salivarius	MGAM	5	tech1	biol2	plate6	FALSE	1.1912087912087914	0.06856516183040284	5
S. salivarius	MGAM	5	tech1	biol3	plate3	FALSE	-0.22417582417582435	-0.01617486274728207	5
S. salivarius	MGAM	5	tech2	biol2	plate6	FALSE	-0.4835164835164837	-0.027830877495735474	5
S. salivarius	MGAM	10	tech1	biol1	plate6	FALSE	-0.7868131868131862	-0.04596327978252174	10
S. salivarius	MGAM	10	tech1	biol3	plate3	FALSE	-0.4439560439560443	-0.032032571323048806	10
S. salivarius	MGAM	10	tech2	biol3	plate3	FALSE	-0.33846153846153876	-0.024420871206680777	10
